{"cameraMode":{"drawMode":0,"name":"Shaded","section":"Shading Mode"},"sceneLighting":false,"audioPlay":false,"sceneViewState":{"m_AlwaysRefresh":false,"showFog":true,"showSkybox":false,"showFlares":true,"showImageEffects":true,"showParticleSystems":true,"showVisualEffectGraphs":true,"m_FxEnabled":true},"in2DMode":false,"pivot":{"x":-21.002948760986329,"y":-48.138710021972659,"z":-12.610133171081543},"rotation":{"x":0.1375373750925064,"y":0.02578394114971161,"z":-0.0035530247259885074,"w":0.9903191924095154},"size":234.51136779785157,"orthographic":false}