{"cameraMode":{"drawMode":0,"name":"Shaded","section":"Shading Mode"},"sceneLighting":false,"audioPlay":false,"sceneViewState":{"m_AlwaysRefresh":false,"showFog":true,"showSkybox":false,"showFlares":true,"showImageEffects":true,"showParticleSystems":true,"showVisualEffectGraphs":true,"m_FxEnabled":true},"in2DMode":false,"pivot":{"x":0.2249356508255005,"y":-0.15039658546447755,"z":-0.12836086750030518},"rotation":{"x":-0.08760533481836319,"y":0.910442590713501,"z":-0.25177130103111269,"w":-0.3166241943836212},"size":2.6500203609466554,"orthographic":false}