{"cameraMode":{"drawMode":0,"name":"Shaded","section":"Shading Mode"},"sceneLighting":false,"audioPlay":false,"sceneViewState":{"m_AlwaysRefresh":false,"showFog":true,"showSkybox":false,"showFlares":true,"showImageEffects":true,"showParticleSystems":true,"showVisualEffectGraphs":true,"m_FxEnabled":true},"in2DMode":false,"pivot":{"x":0.4505072236061096,"y":1.920050859451294,"z":1.1022992134094239},"rotation":{"x":0.02638213150203228,"y":0.9267502427101135,"z":-0.06627997756004334,"w":0.36886265873908999},"size":1.108101487159729,"orthographic":true}